商品编码,SKU,颜色,尺码,库存数量,吊牌价格,零售价格
18C5057,18C50571105,粉红色,M,1,79.00,10.00
18C5057,18C50571107,粉红色,XL,1,79.00,10.00
18S1002,18S10029000,杂色1,M（均）,14,10.00,10.00
18S1004,18S10049000,杂色1,M（均）,15,10.00,10.00
18S1005,18S10059000,杂色1,M（均）,10,10.00,10.00
18S1009,18S10099005,杂色1,M,14,10.00,10.00
18S5003,18S50039000,杂色1,M（均）,15,10.00,10.00
18S5004,18S50049000,杂色1,M（均）,1,10.00,10.00
18S5006,18S50069000,杂色1,M（均）,15,10.00,10.00
18S5012,18S50129005,杂色1,M,12,10.00,10.00
7S5141,7S51419000,杂色1,M（均）,1,10.00,10.00
8K5006,8K50060904,黑色,S,9,29.00,10.00
8K5006,8K50060905,黑色,M,10,29.00,10.00
8K5006,8K50060906,黑色,L,3,29.00,10.00
8K5006,8K50060907,黑色,XL,1,29.00,10.00
8S1000,8S10009000,杂色1,M（均）,14,10.00,10.00
8S1005,8S10059000,杂色1,M（均）,6,10.00,10.00
8T5107,8T51079105,杂色2,M,1,19.00,10.00
8T5107,8T51079106,杂色2,L,2,19.00,10.00
8T5107,8T51079107,杂色2,XL,2,19.00,10.00
18K5076,18K50761107,粉红色,XL,2,19.00,19.00
18K5076,18K50761108,粉红色,2XL,5,19.00,19.00
18K5076,18K50765108,粉绿色,2XL,2,19.00,19.00
18T5033,18T50330105,白色,M,7,19.00,19.00
18T5033,18T50330106,白色,L,9,19.00,19.00
18T5033,18T50330107,白色,XL,8,19.00,19.00
18T5033,18T50330108,白色,2XL,2,19.00,19.00
18T5033,18T50334305,蛋黄,M,7,19.00,19.00
18T5033,18T50334306,蛋黄,L,10,19.00,19.00
18T5033,18T50334307,蛋黄,XL,7,19.00,19.00
18T5033,18T50334308,蛋黄,2XL,3,19.00,19.00
18T5033,18T50336105,粉蓝色,M,6,19.00,19.00
18T5033,18T50336106,粉蓝色,L,8,19.00,19.00
18T5033,18T50336107,粉蓝色,XL,5,19.00,19.00
18T5033,18T50336108,粉蓝色,2XL,1,19.00,19.00
18C1007,18C10076604,牛仔蓝,S,-6,99.00,29.00
18C1007,18C10076606,牛仔蓝,L,-4,99.00,29.00
18C1007,18C10076607,牛仔蓝,XL,10,99.00,29.00
18K5044,18K50440904,黑色,S,14,29.00,29.00
18K5044,18K50440905,黑色,M,13,29.00,29.00
18K5044,18K50440906,黑色,L,14,29.00,29.00
18K5044,18K50440907,黑色,XL,14,29.00,29.00
18K5044,18K50441104,粉红色,S,8,29.00,29.00
18K5044,18K50441105,粉红色,M,8,29.00,29.00
18K5044,18K50441106,粉红色,L,6,29.00,29.00
18K5044,18K50441107,粉红色,XL,8,29.00,29.00
18K5044,18K50442104,杏色,S,6,29.00,29.00
18K5044,18K50442105,杏色,M,7,29.00,29.00
18K5044,18K50442106,杏色,L,8,29.00,29.00
18K5044,18K50442107,杏色,XL,8,29.00,29.00
18N5033,18N50336627,牛仔蓝,27,-1,99.00,29.00
18N5033,18N50336628,牛仔蓝,28,1,99.00,29.00
18Q5025,18Q50250905,黑色,M,7,79.00,29.00
18Q5025,18Q50250906,黑色,L,5,79.00,29.00
18Q5025,18Q50250907,黑色,XL,5,79.00,29.00
18T1065,18T10650105,白色,M,10,29.00,29.00
18T1065,18T10650106,白色,L,6,29.00,29.00
18T1065,18T10650107,白色,XL,6,29.00,29.00
18T1065,18T10650108,白色,2XL,9,29.00,29.00
18T1065,18T10650505,花灰色,M,5,29.00,29.00
18T1065,18T10650506,花灰色,L,6,29.00,29.00
18T1065,18T10650507,花灰色,XL,9,29.00,29.00
18T1065,18T10650508,花灰色,2XL,9,29.00,29.00
18T1065,18T10656005,淡蓝色,M,5,29.00,29.00
18T1065,18T10656006,淡蓝色,L,5,29.00,29.00
18T1065,18T10656007,淡蓝色,XL,3,29.00,29.00
18T1065,18T10656008,淡蓝色,2XL,6,29.00,29.00
18TA002,18TA0020105,白色,M,5,29.00,29.00
18TA002,18TA0020106,白色,L,22,29.00,29.00
18TA002,18TA0020107,白色,XL,8,29.00,29.00
18TA002,18TA0020108,白色,2XL,6,29.00,29.00
18TA002,18TA0020908,黑色,2XL,7,29.00,29.00
18TB002,18TB0020105,白色,M,16,29.00,29.00
18TB002,18TB0020106,白色,L,16,29.00,29.00
18TB002,18TB0020107,白色,XL,15,29.00,29.00
18TC001,18TC00114130,大红色,130,2,29.00,29.00
18TC001,18TC00114140,大红色,140,-1,29.00,29.00
18TC004,18TC00401110,白色,110,2,29.00,29.00
18TC004,18TC00401120,白色,120,3,29.00,29.00
18TC004,18TC00401130,白色,130,3,29.00,29.00
18TC004,18TC00401140,白色,140,2,29.00,29.00
18TC004,18TC00411110,粉红色,110,5,29.00,29.00
18TC004,18TC00411120,粉红色,120,6,29.00,29.00
18TC004,18TC00411130,粉红色,130,6,29.00,29.00
18TC004,18TC00411140,粉红色,140,5,29.00,29.00
18TC004,18TC00460110,淡蓝色,110,5,29.00,29.00
18TC004,18TC00460120,淡蓝色,120,6,29.00,29.00
18TC004,18TC00460130,淡蓝色,130,6,29.00,29.00
18TC004,18TC00460140,淡蓝色,140,5,29.00,29.00
18K5068,18K50680904,黑色,S,4,39.00,39.00
18K5068,18K50680905,黑色,M,6,39.00,39.00
18K5068,18K50680906,黑色,L,2,39.00,39.00
18K5068,18K50680907,黑色,XL,7,39.00,39.00
18K5068,18K50680908,黑色,2XL,2,39.00,39.00
18K5068,18K50685104,粉绿色,S,5,39.00,39.00
18K5068,18K50685105,粉绿色,M,11,39.00,39.00
18K5068,18K50685106,粉绿色,L,15,39.00,39.00
18K5068,18K50685107,粉绿色,XL,8,39.00,39.00
18K5068,18K50685108,粉绿色,2XL,3,39.00,39.00
8K1112,8K11120629,灰色,29,2,39.00,39.00
8K1112,8K11120630,灰色,30,3,39.00,39.00
8K1112,8K11120631,灰色,31,6,39.00,39.00
8K1112,8K11120632,灰色,32,5,39.00,39.00
8K1112,8K11120633,灰色,33,3,39.00,39.00
8K1112,8K11120634,灰色,34,3,39.00,39.00
8K1112,8K11120636,灰色,36,3,39.00,39.00
8K1112,8K11120638,灰色,38,2,39.00,39.00
8K1112,8K11120929,黑色,29,2,39.00,39.00
8K1112,8K11120930,黑色,30,1,39.00,39.00
8K1112,8K11120931,黑色,31,3,39.00,39.00
8K1112,8K11120932,黑色,32,2,39.00,39.00
8K1112,8K11120933,黑色,33,2,39.00,39.00
8K1112,8K11120934,黑色,34,2,39.00,39.00
8K1112,8K11120936,黑色,36,3,39.00,39.00
8K1112,8K11120938,黑色,38,2,39.00,39.00
8K1112,8K11121229,皮红色,29,4,39.00,39.00
8K1112,8K11121230,皮红色,30,4,39.00,39.00
8K1112,8K11121231,皮红色,31,4,39.00,39.00
8K1112,8K11121232,皮红色,32,4,39.00,39.00
8K1112,8K11121233,皮红色,33,4,39.00,39.00
8K1112,8K11121234,皮红色,34,3,39.00,39.00
8K1112,8K11121236,皮红色,36,4,39.00,39.00
18C5076,18C50760105,白色,M,4,79.00,49.00
18C5076,18C50760106,白色,L,4,79.00,49.00
18C5076,18C50760107,白色,XL,3,79.00,49.00
18C5076,18C50761405,大红色,M,3,79.00,49.00
18C5076,18C50761406,大红色,L,3,79.00,49.00
18C5076,18C50761407,大红色,XL,2,79.00,49.00
7HB001,7HB0010135,白色,35,1,49.00,49.00
7HB001,7HB0010136,白色,36,2,49.00,49.00
7HB001,7HB0010137,白色,37,3,49.00,49.00
7HB001,7HB0010138,白色,38,3,49.00,49.00
7HB001,7HB0010139,白色,39,1,49.00,49.00
7HB001,7HB0010935,黑色,35,1,49.00,49.00
7HB001,7HB0010936,黑色,36,4,49.00,49.00
7HB001,7HB0010937,黑色,37,3,49.00,49.00
7HB001,7HB0010938,黑色,38,6,49.00,49.00
7HB001,7HB0010939,黑色,39,2,49.00,49.00
18K1075,18K10750629,灰色,29,2,59.00,59.00
18K1075,18K10750630,灰色,30,2,59.00,59.00
18K1075,18K10750631,灰色,31,2,59.00,59.00
18K1075,18K10750632,灰色,32,2,59.00,59.00
18K1075,18K10750633,灰色,33,2,59.00,59.00
18K1075,18K10750634,灰色,34,2,59.00,59.00
18K1075,18K10750636,灰色,36,2,59.00,59.00
18K1075,18K10750929,黑色,29,3,59.00,59.00
18K1075,18K10750930,黑色,30,4,59.00,59.00
18K1075,18K10750931,黑色,31,4,59.00,59.00
18K1075,18K10750932,黑色,32,4,59.00,59.00
18K1075,18K10750933,黑色,33,4,59.00,59.00
18K1075,18K10750934,黑色,34,2,59.00,59.00
18K1075,18K10750936,黑色,36,4,59.00,59.00
18K5107,18K51070105,白色,M,1,59.00,59.00
18K5107,18K51070106,白色,L,2,59.00,59.00
18K5107,18K51070107,白色,XL,2,59.00,59.00
18K5107,18K51070904,黑色,S,3,59.00,59.00
18K5107,18K51070905,黑色,M,4,59.00,59.00
18K5107,18K51070906,黑色,L,3,59.00,59.00
18K5107,18K51070907,黑色,XL,2,59.00,59.00
18N1071,18N10716629,牛仔蓝,29,4,59.00,59.00
18N1071,18N10716630,牛仔蓝,30,5,59.00,59.00
18N1071,18N10716631,牛仔蓝,31,4,59.00,59.00
18N1071,18N10716632,牛仔蓝,32,4,59.00,59.00
18N1071,18N10716633,牛仔蓝,33,3,59.00,59.00
18N1071,18N10716634,牛仔蓝,34,3,59.00,59.00
18N1071,18N10716636,牛仔蓝,36,2,59.00,59.00
18T1059,18T10590104,白色,S,3,59.00,59.00
18T1059,18T10590105,白色,M,2,59.00,59.00
18T1059,18T10590106,白色,L,2,59.00,59.00
18T1059,18T10590107,白色,XL,4,59.00,59.00
18T1059,18T10590108,白色,2XL,2,59.00,59.00
18T1059,18T10592104,杏色,S,4,59.00,59.00
18T1059,18T10592105,杏色,M,4,59.00,59.00
18T1059,18T10592106,杏色,L,1,59.00,59.00
18T1059,18T10592107,杏色,XL,4,59.00,59.00
18T1059,18T10592108,杏色,2XL,2,59.00,59.00
18T1059,18T10597104,粉紫色,S,4,59.00,59.00
18T1059,18T10597105,粉紫色,M,3,59.00,59.00
18T1059,18T10597106,粉紫色,L,2,59.00,59.00
18T1059,18T10597107,粉紫色,XL,2,59.00,59.00
18T1059,18T10597108,粉紫色,2XL,5,59.00,59.00
18T5067,18T50670105,白色,M,6,59.00,59.00
18T5067,18T50670106,白色,L,5,59.00,59.00
18T5067,18T50670107,白色,XL,5,59.00,59.00
18T5067,18T50674605,芥黄色,M,5,59.00,59.00
18T5067,18T50674606,芥黄色,L,5,59.00,59.00
18T5114,18T51140105,白色,M,3,59.00,59.00
18T5114,18T51140106,白色,L,4,59.00,59.00
18T5114,18T51140107,白色,XL,5,59.00,59.00
18T5114,18T51141405,大红色,M,4,59.00,59.00
18T5114,18T51141406,大红色,L,3,59.00,59.00
18T5114,18T51141407,大红色,XL,3,59.00,59.00
18T5124,18T51240106,白色,L,1,59.00,59.00
18T5124,18T51240107,白色,XL,2,59.00,59.00
18T5124,18T51244306,蛋黄,L,3,59.00,59.00
18T5124,18T51244307,蛋黄,XL,1,59.00,59.00
18T5145,18T51450105,白色,M,6,59.00,59.00
18T5145,18T51450106,白色,L,3,59.00,59.00
18T5145,18T51450107,白色,XL,2,59.00,59.00
18T5145,18T51454705,土黄色,M,4,59.00,59.00
18T5145,18T51454706,土黄色,L,3,59.00,59.00
18T5145,18T51454707,土黄色,XL,2,59.00,59.00
18T5145,18T51456405,湖蓝,M,2,59.00,59.00
18T5145,18T51456406,湖蓝,L,2,59.00,59.00
18T5145,18T51456407,湖蓝,XL,2,59.00,59.00
18T5146,18T51460105,白色,M,3,59.00,59.00
18T5146,18T51460106,白色,L,3,59.00,59.00
18T5146,18T51460107,白色,XL,2,59.00,59.00
18T5146,18T51461405,大红色,M,3,59.00,59.00
18T5146,18T51461406,大红色,L,2,59.00,59.00
18T5146,18T51461407,大红色,XL,2,59.00,59.00
18T5146,18T51464705,土黄色,M,3,59.00,59.00
18T5146,18T51464706,土黄色,L,3,59.00,59.00
18T5146,18T51464707,土黄色,XL,1,59.00,59.00
18T5152,18T51520105,白色,M,4,59.00,59.00
18T5152,18T51520106,白色,L,3,59.00,59.00
18T5152,18T51520107,白色,XL,4,59.00,59.00
18T5152,18T51521105,粉红色,M,2,59.00,59.00
18T5152,18T51521106,粉红色,L,2,59.00,59.00
18T5152,18T51521107,粉红色,XL,3,59.00,59.00
18T5152,18T51526805,宝蓝色,M,2,59.00,59.00
18T5152,18T51526806,宝蓝色,L,2,59.00,59.00
18T5152,18T51526807,宝蓝色,XL,2,59.00,59.00
18D5004,18D50040105,白色,M,8,129.00,65.00
18D5004,18D50040106,白色,L,8,129.00,65.00
18D5004,18D50040107,白色,XL,8,129.00,65.00
18H1004,18H10040939,黑色,39,1,79.00,65.00
18H1004,18H10040940,黑色,40,2,79.00,65.00
18H1004,18H10040941,黑色,41,2,79.00,65.00
18H1004,18H10040942,黑色,42,2,79.00,65.00
18H1004,18H10040943,黑色,43,2,79.00,65.00
18H5002,18H50020935,黑色,35,1,79.00,65.00
18H5002,18H50020936,黑色,36,2,79.00,65.00
18H5002,18H50020937,黑色,37,2,79.00,65.00
18H5002,18H50020938,黑色,38,2,79.00,65.00
18H5002,18H50020939,黑色,39,1,79.00,65.00
18N1024,18N10246628,牛仔蓝,28,2,129.00,65.00
18N1024,18N10246629,牛仔蓝,29,2,129.00,65.00
18N1024,18N10246630,牛仔蓝,30,3,129.00,65.00
18N1024,18N10246631,牛仔蓝,31,1,129.00,65.00
18N1024,18N10246632,牛仔蓝,32,3,129.00,65.00
18N1024,18N10246633,牛仔蓝,33,1,129.00,65.00
18N1024,18N10246634,牛仔蓝,34,1,129.00,65.00
18N1024,18N10246636,牛仔蓝,36,2,129.00,65.00
8K1122,8K11220906,黑色,L,2,129.00,65.00
8K1122,8K11220908,黑色,2XL,3,129.00,65.00
8N1072,8N10726636,牛仔蓝,36,1,149.00,65.00
18C5082,18C50821105,粉红色,M,3,69.00,69.00
18C5082,18C50821106,粉红色,L,1,69.00,69.00
18C5082,18C50821107,粉红色,XL,2,69.00,69.00
18C5082,18C50823005,米白,M,3,69.00,69.00
18C5082,18C50823006,米白,L,4,69.00,69.00
18C5082,18C50823007,米白,XL,2,69.00,69.00
18C5092,18C50920105,白色,M,8,69.00,69.00
18C5092,18C50920106,白色,L,5,69.00,69.00
18C5092,18C50920107,白色,XL,4,69.00,69.00
18C5092,18C50924505,亮黄,M,4,69.00,69.00
18C5092,18C50924506,亮黄,L,4,69.00,69.00
18C5092,18C50924507,亮黄,XL,4,69.00,69.00
18T1124,18T11240605,灰色,M,1,69.00,69.00
18T1124,18T11240606,灰色,L,3,69.00,69.00
18T1124,18T11240607,灰色,XL,2,69.00,69.00
18T1124,18T11240608,灰色,2XL,2,69.00,69.00
18T1124,18T11245605,绿色,M,2,69.00,69.00
18T1124,18T11245606,绿色,L,3,69.00,69.00
18T1124,18T11245607,绿色,XL,2,69.00,69.00
18T1124,18T11245608,绿色,2XL,3,69.00,69.00
18T1143,18T11430105,白色,M,3,69.00,69.00
18T1143,18T11430106,白色,L,3,69.00,69.00
18T1143,18T11430107,白色,XL,3,69.00,69.00
18T1143,18T11430108,白色,2XL,3,69.00,69.00
18T1143,18T11432105,杏色,M,2,69.00,69.00
18T1143,18T11432106,杏色,L,2,69.00,69.00
18T1143,18T11432107,杏色,XL,2,69.00,69.00
18T1143,18T11432108,杏色,2XL,2,69.00,69.00
18T1159,18T11590105,白色,M,3,69.00,69.00
18T1159,18T11590106,白色,L,5,69.00,69.00
18T1159,18T11590107,白色,XL,4,69.00,69.00
18T1159,18T11590108,白色,2XL,3,69.00,69.00
18T1159,18T11596505,彩蓝,M,3,69.00,69.00
18T1159,18T11596506,彩蓝,L,3,69.00,69.00
18T1159,18T11596507,彩蓝,XL,2,69.00,69.00
18T1159,18T11596508,彩蓝,2XL,2,69.00,69.00
18T5139,18T51390105,白色,M,4,69.00,69.00
18T5139,18T51390106,白色,L,4,69.00,69.00
18T5139,18T51390107,白色,XL,4,69.00,69.00
18T5139,18T51394505,亮黄,M,4,69.00,69.00
18T5139,18T51394506,亮黄,L,3,69.00,69.00
18T5173,18T51730105,白色,M,3,69.00,69.00
18T5173,18T51730106,白色,L,2,69.00,69.00
18T5173,18T51730107,白色,XL,4,69.00,69.00
18T5173,18T51731105,粉红色,M,2,69.00,69.00
18T5173,18T51731106,粉红色,L,3,69.00,69.00
18T5173,18T51731107,粉红色,XL,2,69.00,69.00
18T5173,18T51737005,淡紫色,M,4,69.00,69.00
18T5173,18T51737006,淡紫色,L,4,69.00,69.00
18T5173,18T51737007,淡紫色,XL,3,69.00,69.00
18T5179,18T51790105,白色,M,8,69.00,69.00
18T5179,18T51790106,白色,L,7,69.00,69.00
18T5179,18T51790107,白色,XL,5,69.00,69.00
18C1026,18C10260104,白色,S,3,79.00,79.00
18C1026,18C10260105,白色,M,3,79.00,79.00
18C1026,18C10260106,白色,L,4,79.00,79.00
18C1026,18C10260107,白色,XL,3,79.00,79.00
18C1026,18C10264804,卡其,S,4,79.00,79.00
18C1026,18C10264805,卡其,M,4,79.00,79.00
18C1026,18C10264806,卡其,L,4,79.00,79.00
18C1026,18C10264807,卡其,XL,4,79.00,79.00
18C1060,18C10600105,白色,M,3,79.00,79.00
18C1060,18C10600106,白色,L,3,79.00,79.00
18C1060,18C10600107,白色,XL,3,79.00,79.00
18C1060,18C10600108,白色,2XL,3,79.00,79.00
18C1060,18C10601205,皮红色,M,2,79.00,79.00
18C1060,18C10601206,皮红色,L,3,79.00,79.00
18C1060,18C10601207,皮红色,XL,2,79.00,79.00
18C1060,18C10601208,皮红色,2XL,2,79.00,79.00
18C1060,18C10602105,杏色,M,2,79.00,79.00
18C1060,18C10602106,杏色,L,2,79.00,79.00
18C1060,18C10602107,杏色,XL,2,79.00,79.00
18C1060,18C10602108,杏色,2XL,2,79.00,79.00
18C5080,18C50800105,白色,M,7,79.00,79.00
18C5080,18C50800106,白色,L,8,79.00,79.00
18C5080,18C50800107,白色,XL,14,79.00,79.00
18C5080,18C50804505,亮黄,M,10,79.00,79.00
18C5080,18C50804506,亮黄,L,8,79.00,79.00
18C5080,18C50804507,亮黄,XL,9,79.00,79.00
18C5080,18C50806305,天蓝,M,9,79.00,79.00
18C5080,18C50806306,天蓝,L,3,79.00,79.00
18C5080,18C50806307,天蓝,XL,3,79.00,79.00
18D5001,18D50010105,白色,M,4,129.00,79.00
18D5001,18D50010106,白色,L,4,129.00,79.00
18D5001,18D50010107,白色,XL,4,129.00,79.00
18D5001,18D50014805,卡其,M,3,129.00,79.00
18D5001,18D50014806,卡其,L,4,129.00,79.00
18D5001,18D50014807,卡其,XL,1,129.00,79.00
18D5016,18D50160105,白色,M,12,99.00,79.00
18D5016,18D50160106,白色,L,16,99.00,79.00
18D5016,18D50160107,白色,XL,11,99.00,79.00
18H1001,18H10010640,灰色,40,2,99.00,79.00
18H1001,18H10010641,灰色,41,2,99.00,79.00
18H1001,18H10010642,灰色,42,2,99.00,79.00
18K1067,18K10670429,浅灰,29,4,79.00,79.00
18K1067,18K10670430,浅灰,30,4,79.00,79.00
18K1067,18K10670431,浅灰,31,4,79.00,79.00
18K1067,18K10670432,浅灰,32,4,79.00,79.00
18K1067,18K10670433,浅灰,33,4,79.00,79.00
18K1067,18K10670434,浅灰,34,4,79.00,79.00
18K1067,18K10670436,浅灰,36,4,79.00,79.00
18K1067,18K10670929,黑色,29,2,79.00,79.00
18K1067,18K10670930,黑色,30,2,79.00,79.00
18K1067,18K10670931,黑色,31,2,79.00,79.00
18K1067,18K10670932,黑色,32,2,79.00,79.00
18K1067,18K10670933,黑色,33,2,79.00,79.00
18K1067,18K10670934,黑色,34,2,79.00,79.00
18K1067,18K10670936,黑色,36,2,79.00,79.00
18K1067,18K10675629,绿色,29,4,79.00,79.00
18K1067,18K10675630,绿色,30,4,79.00,79.00
18K1067,18K10675631,绿色,31,4,79.00,79.00
18K1067,18K10675632,绿色,32,4,79.00,79.00
18K1067,18K10675633,绿色,33,4,79.00,79.00
18K1067,18K10675634,绿色,34,4,79.00,79.00
18K1067,18K10675636,绿色,36,4,79.00,79.00
18K1077,18K10770929,黑色,29,3,79.00,79.00
18K1077,18K10770930,黑色,30,3,79.00,79.00
18K1077,18K10770931,黑色,31,3,79.00,79.00
18K1077,18K10770932,黑色,32,3,79.00,79.00
18K1077,18K10770933,黑色,33,3,79.00,79.00
18K1077,18K10770934,黑色,34,3,79.00,79.00
18K1077,18K10770936,黑色,36,3,79.00,79.00
18K1144,18K11440929,黑色,29,3,79.00,79.00
18K1144,18K11440930,黑色,30,3,79.00,79.00
18K1144,18K11440931,黑色,31,3,79.00,79.00
18K1144,18K11440932,黑色,32,2,79.00,79.00
18K1144,18K11440933,黑色,33,2,79.00,79.00
18K1144,18K11440934,黑色,34,2,79.00,79.00
18K1144,18K11440936,黑色,36,2,79.00,79.00
18K5072,18K50720904,黑色,S,18,79.00,79.00
18K5072,18K50720905,黑色,M,21,79.00,79.00
18K5072,18K50720906,黑色,L,18,79.00,79.00
18K5072,18K50720907,黑色,XL,11,79.00,79.00
18K5072,18K50722504,橙红色,S,9,79.00,79.00
18K5072,18K50722505,橙红色,M,4,79.00,79.00
18K5072,18K50722506,橙红色,L,4,79.00,79.00
18K5072,18K50722507,橙红色,XL,6,79.00,79.00
18K5074,18K50745606,绿色,L,-1,79.00,79.00
18K5105,18K51050904,黑色,S,4,79.00,79.00
18K5105,18K51050905,黑色,M,6,79.00,79.00
18K5105,18K51050906,黑色,L,6,79.00,79.00
18K5105,18K51050907,黑色,XL,2,79.00,79.00
18K5109,18K51090904,黑色,S,4,79.00,79.00
18K5109,18K51090905,黑色,M,4,79.00,79.00
18K5109,18K51090906,黑色,L,3,79.00,79.00
18K5109,18K51090907,黑色,XL,4,79.00,79.00
18K5109,18K51090908,黑色,2XL,2,79.00,79.00
18K5109,18K51095604,绿色,S,2,79.00,79.00
18K5109,18K51095605,绿色,M,3,79.00,79.00
18K5109,18K51095606,绿色,L,3,79.00,79.00
18K5109,18K51095607,绿色,XL,4,79.00,79.00
18K5115,18K51150904,黑色,S,3,79.00,79.00
18K5115,18K51150905,黑色,M,4,79.00,79.00
18K5115,18K51150906,黑色,L,4,79.00,79.00
18K5115,18K51150907,黑色,XL,3,79.00,79.00
18K5115,18K51154804,卡其,S,2,79.00,79.00
18K5115,18K51154805,卡其,M,2,79.00,79.00
18K5115,18K51154806,卡其,L,3,79.00,79.00
18K5115,18K51154807,卡其,XL,2,79.00,79.00
18N5057,18N50576626,牛仔蓝,26,3,79.00,79.00
18N5057,18N50576627,牛仔蓝,27,4,79.00,79.00
18N5057,18N50576628,牛仔蓝,28,3,79.00,79.00
18N5057,18N50576629,牛仔蓝,29,3,79.00,79.00
18N5057,18N50576630,牛仔蓝,30,3,79.00,79.00
18N5057,18N50576631,牛仔蓝,31,3,79.00,79.00
18N5058,18N50586626,牛仔蓝,26,5,79.00,79.00
18N5058,18N50586627,牛仔蓝,27,6,79.00,79.00
18N5058,18N50586628,牛仔蓝,28,6,79.00,79.00
18N5058,18N50586629,牛仔蓝,29,3,79.00,79.00
18N5058,18N50586630,牛仔蓝,30,3,79.00,79.00
18N5058,18N50586631,牛仔蓝,31,3,79.00,79.00
18T1037,18T10370105,白色,M,4,79.00,79.00
18T1037,18T10370106,白色,L,4,79.00,79.00
18T1037,18T10370107,白色,XL,3,79.00,79.00
18T1037,18T10370108,白色,2XL,3,79.00,79.00
18T1037,18T10370905,黑色,M,2,79.00,79.00
18T1037,18T10370907,黑色,XL,3,79.00,79.00
18T1037,18T10370908,黑色,2XL,3,79.00,79.00
18T1081,18T10810104,白色,S,2,79.00,79.00
18T1081,18T10810105,白色,M,4,79.00,79.00
18T1081,18T10810106,白色,L,4,79.00,79.00
18T1081,18T10810107,白色,XL,2,79.00,79.00
18T1081,18T10812104,杏色,S,2,79.00,79.00
18T1081,18T10812105,杏色,M,3,79.00,79.00
18T1081,18T10812106,杏色,L,3,79.00,79.00
18T1081,18T10812107,杏色,XL,2,79.00,79.00
18T1082,18T10820104,白色,S,3,79.00,79.00
18T1082,18T10820105,白色,M,3,79.00,79.00
18T1082,18T10820106,白色,L,3,79.00,79.00
18T1082,18T10820107,白色,XL,3,79.00,79.00
18T1082,18T10822104,杏色,S,2,79.00,79.00
18T1082,18T10822105,杏色,M,3,79.00,79.00
18T1082,18T10822106,杏色,L,4,79.00,79.00
18T1082,18T10822107,杏色,XL,3,79.00,79.00
18T1123,18T11230105,白色,M,7,79.00,79.00
18T1123,18T11230106,白色,L,4,79.00,79.00
18T1123,18T11230107,白色,XL,8,79.00,79.00
18T1123,18T11230108,白色,2XL,5,79.00,79.00
18T1123,18T11232105,杏色,M,6,79.00,79.00
18T1123,18T11232106,杏色,L,11,79.00,79.00
18T1123,18T11232107,杏色,XL,6,79.00,79.00
18T1123,18T11232108,杏色,2XL,2,79.00,79.00
7H1012,7H10120942,黑色,42,1,159.00,79.00
18C1055,18C10550105,白色,M,2,89.00,89.00
18C1055,18C10550106,白色,L,3,89.00,89.00
18C1055,18C10550107,白色,XL,3,89.00,89.00
18C1055,18C10550108,白色,2XL,3,89.00,89.00
18C1055,18C10552105,杏色,M,2,89.00,89.00
18C1055,18C10552106,杏色,L,2,89.00,89.00
18C1055,18C10552107,杏色,XL,2,89.00,89.00
18C1055,18C10552108,杏色,2XL,2,89.00,89.00
18C1063,18C10630105,白色,M,3,89.00,89.00
18C1063,18C10630106,白色,L,4,89.00,89.00
18C1063,18C10630107,白色,XL,4,89.00,89.00
18C1063,18C10630108,白色,2XL,3,89.00,89.00
18C1063,18C10635605,绿色,M,2,89.00,89.00
18C1063,18C10635606,绿色,L,2,89.00,89.00
18C1063,18C10635607,绿色,XL,2,89.00,89.00
18C1063,18C10635608,绿色,2XL,2,89.00,89.00
18C5060,18C50600105,白色,M,1,89.00,89.00
18K1116,18K11160929,黑色,29,3,89.00,89.00
18K1116,18K11160930,黑色,30,3,89.00,89.00
18K1116,18K11160931,黑色,31,3,89.00,89.00
18K1116,18K11160932,黑色,32,3,89.00,89.00
18K1116,18K11160933,黑色,33,3,89.00,89.00
18K1116,18K11160934,黑色,34,3,89.00,89.00
18K1116,18K11160936,黑色,36,3,89.00,89.00
18K1116,18K11165229,浅绿,29,2,89.00,89.00
18K1116,18K11165230,浅绿,30,2,89.00,89.00
18K1116,18K11165231,浅绿,31,2,89.00,89.00
18K1116,18K11165232,浅绿,32,2,89.00,89.00
18K1116,18K11165233,浅绿,33,2,89.00,89.00
18K1117,18K11170929,黑色,29,3,89.00,89.00
18K1117,18K11170930,黑色,30,4,89.00,89.00
18K1117,18K11170931,黑色,31,4,89.00,89.00
18K1117,18K11170932,黑色,32,3,89.00,89.00
18K1117,18K11170933,黑色,33,3,89.00,89.00
18K1117,18K11170934,黑色,34,3,89.00,89.00
18K1117,18K11170936,黑色,36,2,89.00,89.00
18K1124,18K11240930,黑色,30,3,89.00,89.00
18K1124,18K11240931,黑色,31,2,89.00,89.00
18D1017,18D10170105,白色,M,5,99.00,99.00
18D1017,18D10170106,白色,L,6,99.00,99.00
18D1017,18D10170107,白色,XL,8,99.00,99.00
18D1017,18D10170108,白色,2XL,7,99.00,99.00
18D5025,18D50250105,白色,M,5,129.00,99.00
18D5025,18D50250106,白色,L,8,129.00,99.00
18D5025,18D50250107,白色,XL,6,129.00,99.00
18D5025,18D50254505,亮黄,M,4,129.00,99.00
18D5025,18D50254506,亮黄,L,2,129.00,99.00
18D5025,18D50254507,亮黄,XL,5,129.00,99.00
18D5025,18D50254805,卡其,M,5,129.00,99.00
18D5025,18D50254806,卡其,L,7,129.00,99.00
18D5025,18D50254807,卡其,XL,6,129.00,99.00
18H1008,18H10080139,白色,39,2,99.00,99.00
18H1008,18H10080142,白色,42,1,99.00,99.00
18H1008,18H10080143,白色,43,1,99.00,99.00
18H5003,18H50030135,白色,35,1,129.00,99.00
18H5003,18H50030136,白色,36,-1,129.00,99.00
18K1083,18K10830905,黑色,M,4,99.00,99.00
18K1083,18K10830906,黑色,L,5,99.00,99.00
18K1083,18K10830907,黑色,XL,4,99.00,99.00
18K1083,18K10830908,黑色,2XL,4,99.00,99.00
18K1083,18K10835605,绿色,M,2,99.00,99.00
18K1083,18K10835606,绿色,L,3,99.00,99.00
18K1083,18K10835607,绿色,XL,3,99.00,99.00
18K1083,18K10835608,绿色,2XL,2,99.00,99.00
18K1138,18K11380929,黑色,29,3,99.00,99.00
18K1138,18K11380930,黑色,30,3,99.00,99.00
18K1138,18K11380931,黑色,31,2,99.00,99.00
18K1138,18K11380932,黑色,32,2,99.00,99.00
18K1138,18K11380933,黑色,33,2,99.00,99.00
18K1138,18K11380934,黑色,34,2,99.00,99.00
18K1138,18K11380936,黑色,36,2,99.00,99.00
18K1138,18K11384829,卡其,29,2,99.00,99.00
18K1138,18K11384830,卡其,30,2,99.00,99.00
18K1138,18K11384831,卡其,31,2,99.00,99.00
18K1138,18K11384832,卡其,32,2,99.00,99.00
18K1138,18K11384833,卡其,33,2,99.00,99.00
18K1138,18K11384834,卡其,34,2,99.00,99.00
18K1138,18K11384836,卡其,36,2,99.00,99.00
18K5063,18K50630904,黑色,S,4,99.00,99.00
18K5063,18K50630905,黑色,M,8,99.00,99.00
18K5063,18K50630906,黑色,L,3,99.00,99.00
18K5063,18K50630907,黑色,XL,5,99.00,99.00
18K5063,18K50635604,绿色,S,4,99.00,99.00
18K5063,18K50635605,绿色,M,6,99.00,99.00
18K5063,18K50635606,绿色,L,4,99.00,99.00
18K5063,18K50635607,绿色,XL,5,99.00,99.00
18K5092,18K50920904,黑色,S,6,99.00,99.00
18K5092,18K50920905,黑色,M,9,99.00,99.00
18K5092,18K50920906,黑色,L,6,99.00,99.00
18K5102,18K51020904,黑色,S,5,99.00,99.00
18K5102,18K51020905,黑色,M,10,99.00,99.00
18K5102,18K51020906,黑色,L,4,99.00,99.00
18K5102,18K51020907,黑色,XL,3,99.00,99.00
18K5102,18K51027504,紫色,S,6,99.00,99.00
18K5102,18K51027505,紫色,M,1,99.00,99.00
18K5102,18K51027506,紫色,L,2,99.00,99.00
18K5102,18K51027507,紫色,XL,4,99.00,99.00
18K5108,18K51080906,黑色,L,-2,99.00,99.00
18K5108,18K51080907,黑色,XL,-2,99.00,99.00
18K5108,18K51084806,卡其,L,2,99.00,99.00
18K5108,18K51084807,卡其,XL,2,99.00,99.00
18N1039,18N10396629,牛仔蓝,29,3,99.00,99.00
18N1039,18N10396630,牛仔蓝,30,3,99.00,99.00
18N1039,18N10396631,牛仔蓝,31,3,99.00,99.00
18N1039,18N10396632,牛仔蓝,32,4,99.00,99.00
18N1039,18N10396633,牛仔蓝,33,4,99.00,99.00
18N1039,18N10396634,牛仔蓝,34,3,99.00,99.00
18N1039,18N10396636,牛仔蓝,36,3,99.00,99.00
18N1077,18N10776629,牛仔蓝,29,3,99.00,99.00
18N1077,18N10776630,牛仔蓝,30,3,99.00,99.00
18N1077,18N10776631,牛仔蓝,31,3,99.00,99.00
18N1077,18N10776632,牛仔蓝,32,3,99.00,99.00
18N1077,18N10776633,牛仔蓝,33,2,99.00,99.00
18N1077,18N10776634,牛仔蓝,34,2,99.00,99.00
18N1077,18N10776636,牛仔蓝,36,2,99.00,99.00
18N5063,18N50636604,牛仔蓝,S,6,99.00,99.00
18N5063,18N50636605,牛仔蓝,M,6,99.00,99.00
18N5063,18N50636606,牛仔蓝,L,7,99.00,99.00
18N5063,18N50636607,牛仔蓝,XL,5,99.00,99.00
18N5088,18N50886626,牛仔蓝,26,3,99.00,99.00
18N5088,18N50886627,牛仔蓝,27,4,99.00,99.00
18N5088,18N50886628,牛仔蓝,28,6,99.00,99.00
18N5088,18N50886629,牛仔蓝,29,3,99.00,99.00
18N5088,18N50886630,牛仔蓝,30,3,99.00,99.00
18N5111,18N51110126,白色,26,3,99.00,99.00
18N5111,18N51110127,白色,27,2,99.00,99.00
18N5111,18N51110128,白色,28,3,99.00,99.00
18N5111,18N51110129,白色,29,2,99.00,99.00
18N5111,18N51116627,牛仔蓝,27,3,99.00,99.00
18N5111,18N51116628,牛仔蓝,28,3,99.00,99.00
18N5111,18N51116629,牛仔蓝,29,3,99.00,99.00
18Q5026,18Q50266607,牛仔蓝,XL,-1,99.00,99.00
8H5004,8H50040136,白色,36,-1,99.00,99.00
8T1038,8T10381005,淡粉色,M,2,99.00,99.00
8T1038,8T10381006,淡粉色,L,4,99.00,99.00
8T1038,8T10381007,淡粉色,XL,3,99.00,99.00
8T1038,8T10381008,淡粉色,2XL,2,99.00,99.00
8T1038,8T10382105,杏色,M,2,99.00,99.00
8T1038,8T10382106,杏色,L,4,99.00,99.00
8T1038,8T10382107,杏色,XL,3,99.00,99.00
8T1038,8T10382108,杏色,2XL,2,99.00,99.00
18D5049,18D50490105,白色,M,3,129.00,129.00
18D5049,18D50490106,白色,L,4,129.00,129.00
18D5049,18D50490107,白色,XL,3,129.00,129.00
18D5049,18D50491105,粉红色,M,3,129.00,129.00
18D5049,18D50491106,粉红色,L,4,129.00,129.00
18D5049,18D50491107,粉红色,XL,3,129.00,129.00
18H1010,18H10100643,灰色,43,-1,129.00,129.00
18H1014,18H10140939,黑色,39,2,129.00,129.00
18H1014,18H10140940,黑色,40,2,129.00,129.00
18H1014,18H10140941,黑色,41,2,129.00,129.00
18H1014,18H10140942,黑色,42,3,129.00,129.00
18H1014,18H10140943,黑色,43,2,129.00,129.00
18H5006,18H50060135,白色,35,1,129.00,129.00
18H5006,18H50060136,白色,36,1,129.00,129.00
18H5006,18H50060137,白色,37,2,129.00,129.00
18H5006,18H50060138,白色,38,2,129.00,129.00
18H5006,18H50060139,白色,39,1,129.00,129.00
18K1061,18K10610929,黑色,29,9,129.00,129.00
18K1061,18K10610930,黑色,30,10,129.00,129.00
18K1061,18K10610931,黑色,31,6,129.00,129.00
18K1061,18K10610932,黑色,32,3,129.00,129.00
18K1061,18K10610933,黑色,33,9,129.00,129.00
18K1061,18K10610934,黑色,34,9,129.00,129.00
18K1061,18K10610936,黑色,36,4,129.00,129.00
18K1107,18K11070929,黑色,29,2,129.00,129.00
18K1107,18K11070930,黑色,30,3,129.00,129.00
18K1107,18K11070931,黑色,31,4,129.00,129.00
18K1107,18K11070932,黑色,32,3,129.00,129.00
18K1107,18K11070933,黑色,33,2,129.00,129.00
18K1107,18K11070934,黑色,34,2,129.00,129.00
18K1107,18K11070936,黑色,36,2,129.00,129.00
18K1107,18K11075229,浅绿,29,2,129.00,129.00
18K1107,18K11075230,浅绿,30,3,129.00,129.00
18K1107,18K11075231,浅绿,31,2,129.00,129.00
18K1107,18K11075232,浅绿,32,2,129.00,129.00
18K1107,18K11075233,浅绿,33,2,129.00,129.00
18K1107,18K11075234,浅绿,34,2,129.00,129.00
18K1107,18K11075236,浅绿,36,2,129.00,129.00
18K1130,18K11300929,黑色,29,3,129.00,129.00
18K1130,18K11300930,黑色,30,3,129.00,129.00
18K1130,18K11300931,黑色,31,2,129.00,129.00
18K1130,18K11300932,黑色,32,2,129.00,129.00
18K1130,18K11300933,黑色,33,2,129.00,129.00
18K1130,18K11300934,黑色,34,2,129.00,129.00
18N1042,18N10426629,牛仔蓝,29,5,129.00,129.00
18N5084,18N50846604,牛仔蓝,S,4,129.00,129.00
18N5084,18N50846605,牛仔蓝,M,4,129.00,129.00
18N5084,18N50846606,牛仔蓝,L,5,129.00,129.00
18N5084,18N50846607,牛仔蓝,XL,4,129.00,129.00
18N5084,18N50846608,牛仔蓝,2XL,3,129.00,129.00
18Q5006,18Q50060906,黑色,L,6,129.00,129.00
18Q5006,18Q50060907,黑色,XL,4,129.00,129.00
18Q5006,18Q50066005,淡蓝色,M,8,129.00,129.00
18Q5006,18Q50066006,淡蓝色,L,8,129.00,129.00
18Q5006,18Q50066007,淡蓝色,XL,6,129.00,129.00
8H1015,8H10150942,黑色,42,1,129.00,129.00
8N5046,8N50466626,牛仔蓝,26,1,129.00,129.00
8N5046,8N50466627,牛仔蓝,27,1,129.00,129.00
8N5046,8N50466631,牛仔蓝,31,-1,129.00,129.00
18N1035,18N10356629,牛仔蓝,29,3,149.00,149.00
18N1035,18N10356630,牛仔蓝,30,6,149.00,149.00
18N1035,18N10356631,牛仔蓝,31,4,149.00,149.00
18N1035,18N10356632,牛仔蓝,32,2,149.00,149.00
18N1035,18N10356633,牛仔蓝,33,4,149.00,149.00
18N1035,18N10356634,牛仔蓝,34,4,149.00,149.00
18N1035,18N10356636,牛仔蓝,36,3,149.00,149.00
18N1036,18N10366629,牛仔蓝,29,4,149.00,149.00
18N1036,18N10366630,牛仔蓝,30,6,149.00,149.00
18N1036,18N10366631,牛仔蓝,31,4,149.00,149.00
18N1036,18N10366632,牛仔蓝,32,3,149.00,149.00
18N1036,18N10366633,牛仔蓝,33,1,149.00,149.00
18N1036,18N10366634,牛仔蓝,34,3,149.00,149.00
18H1017,18H10170139,白色,39,2,159.00,159.00
18H1017,18H10170140,白色,40,3,159.00,159.00
18H1017,18H10170141,白色,41,3,159.00,159.00
18H1017,18H10170142,白色,42,3,159.00,159.00
18H1017,18H10170143,白色,43,2,159.00,159.00
8H1006,8H10060140,白色,40,2,159.00,159.00
8H1006,8H10060141,白色,41,2,159.00,159.00
8H1006,8H10060143,白色,43,2,159.00,159.00
18D5034,18D50341405,大红色,M,4,169.00,169.00
18D5034,18D50341406,大红色,L,3,169.00,169.00
18D5034,18D50341407,大红色,XL,2,169.00,169.00
18D5034,18D50344505,亮黄,M,5,169.00,169.00
18D5034,18D50344506,亮黄,L,4,169.00,169.00
18D5034,18D50344507,亮黄,XL,3,169.00,169.00
18H1005,18H10050139,白色,39,1,199.00,199.00
18H1005,18H10050140,白色,40,1,199.00,199.00
18H1005,18H10050141,白色,41,2,199.00,199.00
18H1005,18H10050142,白色,42,2,199.00,199.00
18H1005,18H10050143,白色,43,1,199.00,199.00
18H1005,18H10050939,黑色,39,1,199.00,199.00
18H1005,18H10050940,黑色,40,2,199.00,199.00
18H1005,18H10050941,黑色,41,1,199.00,199.00
18H1005,18H10050942,黑色,42,1,199.00,199.00
18H1005,18H10050943,黑色,43,1,199.00,199.00
